YEAR,BOYS,GIRLS
2000,74.66550202553431,65.30753942202693
2001,73.9230864879065,64.73979364103542
2002,72.79527651602525,60.22916145375714
2003,75.29047731466153,67.18335585044284
2004,76.4944078415831,66.77987765591854
2005,79.53692988549301,66.42395061179403
2006,80.66490768865442,66.80903950074429
2007,78.53734107592373,63.119337359883254
2008,80.95299936342504,69.13521980323998
2009,83.50704886720614,71.60542623216907
2010,83.8328054906293,70.45138139615366
2011,84.63412949721759,67.20774921200999
2012,86.03334687061518,73.95698309114319
2013,87.4149409075804,73.98150837720266
2014,86.25439016984241,73.77166425964228
2015,86.83259696777448,76.23903126644858
2016,87.85320284719133,71.77257343503706
2017,91.6919992538875,74.48584236145498
2018,91.86723180717591,74.63633521496291
2019,90.9152854065685,80.00034578548556
2020,93.25673033233534,77.89896738198317
2021,96.2302812361119,84.12435217356315
2022,94.82792839859893,82.53545094692474


year,State,BOYS,GIRLS
2000,Andhra Pradesh,60.72277046835291,48.9494180951891
2000,Arunachal Pradesh,73.21097051752159,68.30245305637747
2000,Assam,75.99979137783222,50.61789424067251
2000,Bihar,67.31261884797861,56.957626138178156
2000,Chhattisgarh,70.38696689133607,58.69962881524127
2000,Goa,72.24911212970778,62.54109168072008
2000,Gujarat,68.83426465598757,50.911787845862044
2000,Haryana,71.54175363099135,65.89907204707733
2000,Himachal Pradesh,74.69161629762407,69.1172800129804
2000,Jammu and Kashmir,68.3864178573,70.90996617300755
2000,Jharkhand,72.80300319350724,59.19070086650249
2000,Karnataka,77.70676183144491,58.786608266158964
2000,Kerala,66.23967333729395,54.450588731478376
2000,Madhya Pradesh,67.33998245258051,70.37095215970476
2000,Maharashtra,83.09174952550217,58.21707744610214
2000,Manipur,67.73865617003311,73.35044672448248
2000,Meghalaya,78.5404489242368,61.84717045344664
2000,Mizoram,82.06075761773694,71.01371484270251
2000,Nagaland,83.65996858257256,62.595836664951136
2000,Odisha,73.99552275099767,51.95946422365698
2000,Punjab,72.61025104697529,59.928357998459816
2000,Rajasthan,80.56722100117437,55.634191802541565
2000,Sikkim,65.26707982448323,55.57206924060583
2000,Tamil Nadu,66.26289288672875,49.672034252548876
2000,Telangana,64.49658880552774,54.67707189009814
2000,Tripura,60.594430658795396,65.54694944082269
2000,Uttarakhand,70.16843152892226,60.36286771752103
2000,Uttar Pradesh,69.18032153997488,69.46960182280101
2000,West Bengal,80.71322115362699,48.312868927227164
2000,Andaman and Nicobar Islands,65.52167329963277,51.296867219327744
2000,Chandigarh,79.53190661509609,68.31071470161467
2000,Dadra and Nagar Haveli,67.34892731316197,63.214468913264014
2000,Daman and Diu,81.66505107843577,54.33334068529231
2000,Delhi,67.93524452280174,60.371992453153794
2000,Lakshadweep,81.42838784857463,71.51755424587074
2000,Puducherry,73.7399181917666,66.70724875439976
2001,Andhra Pradesh,63.785387117900726,58.056706003395995
2001,Arunachal Pradesh,75.78445573038282,46.57283611822824
2001,Assam,69.64469876811735,52.35834124369427
2001,Bihar,68.68242330436729,75.39222979826253
2001,Chhattisgarh,82.16000464159288,66.06956370161868
2001,Goa,64.70910665898899,48.102831375897225
2001,Gujarat,70.18909313811766,72.37360639274097
2001,Haryana,71.02978108328145,50.72591891591733
2001,Himachal Pradesh,73.3875069639086,59.22429713557677
2001,Jammu and Kashmir,69.05085224595621,55.12746041148844
2001,Jharkhand,66.25629128127136,55.304678837264085
2001,Karnataka,65.48078004420107,56.30441695869079
2001,Kerala,72.16362618981275,61.83898035320976
2001,Madhya Pradesh,64.3782744057742,60.124351159118085
2001,Maharashtra,76.54376885210468,75.46212038134288
2001,Manipur,68.32268714747748,60.29796229340477
2001,Meghalaya,68.54241695632199,59.78610587199765
2001,Mizoram,85.2919689226155,56.620870466091716
2001,Nagaland,77.23147139022089,65.20454494479351
2001,Odisha,70.60512321192928,62.93046968722203
2001,Punjab,71.98099548366757,55.942530995813975
2001,Rajasthan,81.55466298577565,57.33232053139321
2001,Sikkim,66.66414197446366,50.194679836201196
2001,Tamil Nadu,64.41034734012715,54.1166706338142
2001,Telangana,69.38706424174973,54.12982936186356
2001,Tripura,60.941706315374034,75.81673913048031
2001,Uttarakhand,76.90046329282747,57.834739902158645
2001,Uttar Pradesh,80.50498897893547,54.97305282827663
2001,West Bengal,65.74033354811652,69.00174715694843
2001,Andaman and Nicobar Islands,71.51692124741315,56.838152454490185
2001,Chandigarh,76.77647990037325,64.28600175422118
2001,Dadra and Nagar Haveli,63.00710774292769,75.39611741417147
2001,Daman and Diu,76.82395578007868,69.98638281396912
2001,Delhi,70.13556433109734,67.4284801354816
2001,Lakshadweep,77.66271481782405,59.79155472536027
2001,Puducherry,74.55767649694256,58.36180269952235
2002,Andhra Pradesh,80.28071161410412,53.14799763810099
2002,Arunachal Pradesh,85.74734779372743,61.821223457956414
2002,Assam,74.47491080485528,61.06504526721823
2002,Bihar,71.06708382196277,55.0066424573574
2002,Chhattisgarh,75.94918742755083,53.772559765634846
2002,Goa,84.63504707807024,47.968526041862965
2002,Gujarat,65.35065731030598,60.33855608632999
2002,Haryana,74.5180915857547,50.82740435325614
2002,Himachal Pradesh,82.66516727768035,48.474169646634195
2002,Jammu and Kashmir,73.45606032744244,71.03819556066402
2002,Jharkhand,81.61890829511712,60.48307001136435
2002,Karnataka,70.75924372573324,69.7267897637339
2002,Kerala,80.88976446132752,72.30085227516123
2002,Madhya Pradesh,80.37107365702151,68.89253269969586
2002,Maharashtra,65.05932695780096,52.03979792130506
2002,Manipur,73.218281236622,54.673887705773936
2002,Meghalaya,77.043127616564,55.73867007985322
2002,Mizoram,84.51930332041663,72.65822301000989
2002,Nagaland,62.770434640247466,52.58469513483535
2002,Odisha,64.14304996854811,73.45005590651498
2002,Punjab,74.02181630331903,64.70302303514012
2002,Rajasthan,69.04671914662798,57.58813374336893
2002,Sikkim,85.41316296167696,69.27850081961408
2002,Tamil Nadu,73.75454507986956,51.71678850861409
2002,Telangana,86.09656124128497,47.51289274008663
2002,Tripura,80.28047694506733,59.64836454351092
2002,Uttarakhand,78.28274566802824,67.39322262307073
2002,Uttar Pradesh,73.44821632877103,63.54460678320409
2002,West Bengal,85.53515679947816,61.85632584142469
2002,Andaman and Nicobar Islands,83.34746947873421,68.26209829019706
2002,Chandigarh,76.94262764857514,51.88706462536519
2002,Dadra and Nagar Haveli,76.58555197229886,50.621243214753875
2002,Daman and Diu,69.08214687491362,75.24531947427154
2002,Delhi,68.41399029097352,71.84484616538921
2002,Lakshadweep,84.93575180904351,59.51006666926799
2002,Puducherry,81.85998483764992,63.576331976931726
2003,Andhra Pradesh,81.59284724461988,50.855409458100354
2003,Arunachal Pradesh,80.51707244283594,51.2204231729947
2003,Assam,81.89910508825145,59.29441795426549
2003,Bihar,79.16844684829574,72.77146130103462
2003,Chhattisgarh,80.01798147423553,62.8446617349382
2003,Goa,71.667469476884,56.29567301272792
2003,Gujarat,70.80411101918497,58.37580913206628
2003,Haryana,76.8352621355852,73.48199273063578
2003,Himachal Pradesh,85.59361670835004,47.63353844169977
2003,Jammu and Kashmir,65.38964352416235,73.75327706814723
2003,Jharkhand,86.48928475944071,74.44709880815897
2003,Karnataka,66.8917360728478,52.755818747571325
2003,Kerala,69.08819158754424,74.21569228770545
2003,Madhya Pradesh,66.30492906374944,51.51677230631284
2003,Maharashtra,69.70682640286466,69.95323827976249
2003,Manipur,61.902369497386374,70.99104496979412
2003,Meghalaya,75.55055247752767,76.53778217084785
2003,Mizoram,72.19924825063362,70.9522206710422
2003,Nagaland,63.70007844980585,59.139576715573284
2003,Odisha,74.68632609993558,70.30455275783618
2003,Punjab,85.12068333007112,58.700059921314256
2003,Rajasthan,79.0270840520846,64.41156269244486
2003,Sikkim,73.78828875152239,56.55020427229887
2003,Tamil Nadu,73.94332764832197,76.67627235310867
2003,Telangana,66.85068536363423,55.49197054910931
2003,Tripura,69.10628055514697,51.12579704375049
2003,Uttarakhand,77.56250881654306,53.31143576768915
2003,Uttar Pradesh,67.98001575771939,60.31659077127598
2003,West Bengal,70.59714283951563,75.85094112345753
2003,Andaman and Nicobar Islands,62.52050810613788,66.55146146148552
2003,Chandigarh,67.1066562381452,63.61298166487681
2003,Dadra and Nagar Haveli,63.53171931427155,54.38792086983192
2003,Daman and Diu,66.4796155367047,72.11807471428732
2003,Delhi,65.15009191326119,74.66523976665898
2003,Lakshadweep,77.45654813888981,63.59948799143869
2003,Puducherry,71.58035862637182,67.31210339132886
2004,Andhra Pradesh,72.65856923563807,47.175657853225076
2004,Arunachal Pradesh,80.522463616583,76.79388407609245
2004,Assam,67.23965744149028,74.03000612492791
2004,Bihar,74.11323140902077,61.51638142571734
2004,Chhattisgarh,76.61401619695333,54.30796633871939
2004,Goa,74.89593023381718,49.90833534239676
2004,Gujarat,79.01465564760996,60.72978594672779
2004,Haryana,67.21809202787476,47.762098692297634
2004,Himachal Pradesh,86.36108336998964,60.69306243681945
2004,Jammu and Kashmir,73.85609060210378,56.86959294091124
2004,Jharkhand,74.94619880418155,54.087195254406545
2004,Karnataka,83.23192056195847,49.802361501336804
2004,Kerala,69.03866950590606,61.47020600719425
2004,Madhya Pradesh,81.15784317105798,53.783400182715155
2004,Maharashtra,77.10290907182646,60.12714878072172
2004,Manipur,74.56090784918804,61.380053222998214
2004,Meghalaya,81.26603912748052,58.49289721911915
2004,Mizoram,86.31985913576607,61.716042838884945
2004,Nagaland,79.04145515814557,71.10244719740719
2004,Odisha,69.66257120391377,50.26106566201626
2004,Punjab,83.79336128161242,54.681218582666325
2004,Rajasthan,86.20724152369019,52.537786828211466
2004,Sikkim,68.42646482497,63.36082927612651
2004,Tamil Nadu,85.28954443906085,65.525235744767
2004,Telangana,83.22984728972511,54.69221775122166
2004,Tripura,78.8124494018659,73.84381510155697
2004,Uttarakhand,65.72340393551676,64.1049111413324
2004,Uttar Pradesh,87.09372673706642,71.47039310786026
2004,West Bengal,74.83646875121534,70.84396347978104
2004,Andaman and Nicobar Islands,65.64532035443136,76.36582528194413
2004,Chandigarh,64.77545171527433,55.92660444800081
2004,Dadra and Nagar Haveli,69.43116742367069,55.110453934028
2004,Daman and Diu,62.86577836857647,74.89664763294012
2004,Delhi,80.23867610900507,49.417195237104586
2004,Lakshadweep,67.32208921688093,75.09130628319582
2004,Puducherry,76.6970976486284,56.99302508673766
2005,Andhra Pradesh,64.00116419339065,63.58852344449279
2005,Arunachal Pradesh,84.60339529053783,51.05233714249221
2005,Assam,75.17672610392104,72.93884326185315
2005,Bihar,63.19406714818253,53.69704229351112
2005,Chhattisgarh,74.00170240436717,61.37690538552646
2005,Goa,85.71852084155108,59.53216424324729
2005,Gujarat,69.4677064729344,48.470312530165494
2005,Haryana,66.10512801077881,55.88279822754495
2005,Himachal Pradesh,68.69478800542605,65.28086285200784
2005,Jammu and Kashmir,68.95745859617985,60.07582483263957
2005,Jharkhand,74.21958476574217,62.29250555135201
2005,Karnataka,71.55670810074945,50.939505329393285
2005,Kerala,75.83636183029196,54.53236644817372
2005,Madhya Pradesh,84.2654269919078,64.62233641710864
2005,Maharashtra,72.34308078244398,57.64421650301064
2005,Manipur,74.50870902051929,56.22760076791957
2005,Meghalaya,68.57794801648227,76.75341359007452
2005,Mizoram,62.9953074662021,53.219588387277724
2005,Nagaland,78.91008908132646,67.27440775302891
2005,Odisha,84.53331370628811,54.12686394159736
2005,Punjab,68.86802051476981,69.05599846020291
2005,Rajasthan,71.15088205381034,74.59985327562806
2005,Sikkim,71.94519045808208,68.4467330652281
2005,Tamil Nadu,79.44214958858315,62.12544172247183
2005,Telangana,85.67673139711204,61.41919207067223
2005,Tripura,67.4084473101015,58.73918703772625
2005,Uttarakhand,86.23019364820414,57.2481079546088
2005,Uttar Pradesh,70.24541643513368,75.66892533581544
2005,West Bengal,80.95322256525299,48.11613676833383
2005,Andaman and Nicobar Islands,74.2810024906417,64.45835670712819
2005,Chandigarh,74.02145248786681,63.545312140623636
2005,Dadra and Nagar Haveli,76.48298096966708,60.09619415861793
2005,Daman and Diu,79.09861930404576,60.48555498713526
2005,Delhi,69.6534032407338,49.773175250914676
2005,Lakshadweep,76.60435182542946,71.36513049372692
2005,Puducherry,73.89619310208035,59.087571518687696
2006,Andhra Pradesh,71.53295197628347,63.73380913358236
2006,Arunachal Pradesh,75.71014449933834,76.62931015708958
2006,Assam,76.12201894138752,57.017246158587106
2006,Bihar,70.00643216500482,71.92201027332483
2006,Chhattisgarh,66.13632732711861,67.20518235661196
2006,Goa,79.33892191711536,56.94827976339445
2006,Gujarat,84.3420218773437,55.90595585172609
2006,Haryana,73.8284245829052,75.63072464054616
2006,Himachal Pradesh,83.53374303596519,73.70960908951243
2006,Jammu and Kashmir,74.00710036663256,67.65909523399338
2006,Jharkhand,66.20087078793678,62.169199750287575
2006,Karnataka,80.07224229250902,63.54809691551181
2006,Kerala,85.9227144202125,61.08929507338292
2006,Madhya Pradesh,63.63507701588336,74.04260209486286
2006,Maharashtra,69.86668084081477,73.93358495293597
2006,Manipur,64.37695897648365,58.82793063203727
2006,Meghalaya,83.14632957785147,57.424772962372906
2006,Mizoram,85.80799248383133,65.55838053607633
2006,Nagaland,81.10527952550953,70.20999568529228
2006,Odisha,76.24426256793926,73.14275556259388
2006,Punjab,80.56167640462019,50.284803587178445
2006,Rajasthan,74.70535553088999,70.74226188247206
2006,Sikkim,73.7791482194246,64.99636593295837
2006,Tamil Nadu,75.30022249323548,77.69055401352904
2006,Telangana,81.28180840343339,55.30781057715019
2006,Tripura,82.26925113574633,75.57752992672836
2006,Uttarakhand,70.4685978798347,76.32644608222863
2006,Uttar Pradesh,85.40089832894233,50.602221312132436
2006,West Bengal,73.94074177195279,55.432022740121674
2006,Andaman and Nicobar Islands,65.96406264310009,65.69353276697846
2006,Chandigarh,74.5218274652615,68.64451059319852
2006,Dadra and Nagar Haveli,69.43005340682147,62.347833468083415
2006,Daman and Diu,87.02282014453871,55.325174336499224
2006,Delhi,79.22209842831145,63.866870568843304
2006,Lakshadweep,82.01430678980219,71.24615016718136
2006,Puducherry,84.11140229744757,74.80122673198146
2007,Andhra Pradesh,77.81028531042325,66.48357223305007
2007,Arunachal Pradesh,66.43205247096567,60.45895841904224
2007,Assam,87.15002758307324,65.57636967676937
2007,Bihar,75.44537434974588,51.98495003068423
2007,Chhattisgarh,73.5614516412129,59.062775594569565
2007,Goa,66.61178354494119,64.43712502053002
2007,Gujarat,84.36776282065544,67.02647205468752
2007,Haryana,85.93166098339735,65.94089861261602
2007,Himachal Pradesh,79.6989054609373,77.87289816447384
2007,Jammu and Kashmir,77.17750569121448,74.27980248832269
2007,Jharkhand,83.00073918491474,55.45341626026055
2007,Karnataka,67.73227799577808,50.90097303099154
2007,Kerala,64.34695619803368,64.87712421669467
2007,Madhya Pradesh,70.88593675827644,74.72228303293511
2007,Maharashtra,68.59642316343812,73.44726317886547
2007,Manipur,82.57690688930742,76.10926768747784
2007,Meghalaya,82.48961994848035,60.261200492629975
2007,Mizoram,85.07933980102038,56.84321680320791
2007,Nagaland,87.7987608352898,55.605361107101785
2007,Odisha,86.00377718275526,74.35764979925393
2007,Punjab,66.70003818892144,53.795347485838285
2007,Rajasthan,64.59867711491478,58.14784206867864
2007,Sikkim,84.33767112302998,50.651262472000404
2007,Tamil Nadu,79.65574077381865,52.36209768591618
2007,Telangana,76.41408739422705,60.085608303107
2007,Tripura,80.6528876790216,63.79815298487026
2007,Uttarakhand,63.75047435613747,71.14698867866196
2007,Uttar Pradesh,71.98514392303903,68.07684612527707
2007,West Bengal,78.09737772732028,63.51275942150967
2007,Andaman and Nicobar Islands,80.69923593229588,53.07278922710827
2007,Chandigarh,67.03372923870177,58.676462793080724
2007,Dadra and Nagar Haveli,65.30550788644037,50.62202174659727
2007,Daman and Diu,70.43718667036208,72.9137808787235
2007,Delhi,71.2432242717991,58.80920464298452
2007,Lakshadweep,78.53275119617308,49.67094865326343
2007,Puducherry,80.91506057416798,65.51918071732842
2008,Andhra Pradesh,79.46299597919507,76.04565886670999
2008,Arunachal Pradesh,75.36133204470718,76.49585213354347
2008,Assam,74.35073951195929,51.593447413857376
2008,Bihar,75.37154892672777,73.8764632234261
2008,Chhattisgarh,71.54026370011961,61.48309731814949
2008,Goa,76.0080029374736,66.2206688326
2008,Gujarat,87.93550404008887,57.88903598316615
2008,Haryana,76.66855096671902,74.71573175129457
2008,Himachal Pradesh,83.5938051155817,68.76282217951949
2008,Jammu and Kashmir,65.2200777692942,74.84479423313063
2008,Jharkhand,75.82732537794958,62.73900833006577
2008,Karnataka,86.04545291927762,73.31143454601094
2008,Kerala,75.4569627972509,57.79868841370802
2008,Madhya Pradesh,70.79667567810851,61.333005927147525
2008,Maharashtra,84.20240438608909,78.29562527228359
2008,Manipur,67.92436594334193,53.107608238608
2008,Meghalaya,87.95147386812602,69.82331444749778
2008,Mizoram,73.5304522978661,78.53733761967145
2008,Nagaland,71.08494366556995,66.27945943672903
2008,Odisha,75.87046077251242,71.68751349542954
2008,Punjab,87.67184979990328,75.93083650710341
2008,Rajasthan,66.45921771244451,71.49100010812332
2008,Sikkim,86.94760841904545,72.9515763655101
2008,Tamil Nadu,63.71733550077722,54.28407574256208
2008,Telangana,74.30626889464719,76.59559931795451
2008,Tripura,69.27954153578807,77.99857890539336
2008,Uttarakhand,83.20008086706709,63.11322199092158
2008,Uttar Pradesh,72.51730201134343,51.830587043876854
2008,West Bengal,84.02700327270448,66.04099055924392
2008,Andaman and Nicobar Islands,80.94694583220041,57.66002307402944
2008,Chandigarh,64.6779767831916,70.47342723116864
2008,Dadra and Nagar Haveli,87.76506041776766,66.58850834932308
2008,Daman and Diu,76.36321958921256,64.56901161973448
2008,Delhi,75.51684110726848,49.223015850479676
2008,Lakshadweep,81.39474603177197,76.48193387993312
2008,Puducherry,70.18717427362793,61.4693537917711
2009,Andhra Pradesh,66.40486528127288,75.53877863504604
2009,Arunachal Pradesh,64.28873442834039,73.76521344436253
2009,Assam,77.73197991517024,67.00550037044091
2009,Bihar,82.84196461273575,64.41760398613685
2009,Chhattisgarh,69.87846288040723,70.63092440253845
2009,Goa,85.63020336923992,61.650739471386814
2009,Gujarat,77.82352500691822,72.08648241366924
2009,Haryana,86.920025432422,69.55089486255714
2009,Himachal Pradesh,72.32062636402695,56.586396320309206
2009,Jammu and Kashmir,76.83563272211103,70.50907056556304
2009,Jharkhand,73.35697201853387,66.86429049378948
2009,Karnataka,86.21468625417495,69.44795960692298
2009,Kerala,88.99054371898794,50.80395602090559
2009,Madhya Pradesh,82.95232376254836,66.06098018204717
2009,Maharashtra,67.24629670354079,52.23573841439041
2009,Manipur,80.61292748725714,69.75615585408836
2009,Meghalaya,81.41619782881908,75.90001543069324
2009,Mizoram,87.91039897008201,51.51221194700803
2009,Nagaland,65.44984990685703,52.88647676405703
2009,Odisha,82.56515471360935,61.12007443006708
2009,Punjab,71.00694383150291,61.37345348835853
2009,Rajasthan,86.98782887332445,66.50859296692454
2009,Sikkim,87.23024648538885,56.30507437693191
2009,Tamil Nadu,71.3686274972547,49.654951282431554
2009,Telangana,69.26563295886785,75.0286674778163
2009,Tripura,80.82138026427228,72.01997167173207
2009,Uttarakhand,69.71406345929715,67.03296939980876
2009,Uttar Pradesh,87.59314100126176,67.03510971005905
2009,West Bengal,65.50845788605652,77.70223475193269
2009,Andaman and Nicobar Islands,82.18772243099724,54.45412826336243
2009,Chandigarh,80.40618406521185,58.31002047575155
2009,Dadra and Nagar Haveli,78.40806036846625,73.63651009402528
2009,Daman and Diu,88.14912961679624,56.59661406252014
2009,Delhi,66.86762355523616,71.10790918809808
2009,Lakshadweep,66.16568729507938,72.17329751184941
2009,Puducherry,75.47419596632669,75.37619152666818
2010,Andhra Pradesh,85.36238992917029,65.7086618767511
2010,Arunachal Pradesh,79.65667476575989,57.59860628512085
2010,Assam,76.97902052941085,73.767882951459
2010,Bihar,66.05970468876197,55.2500436031703
2010,Chhattisgarh,71.9296568144449,58.71822871523767
2010,Goa,76.86173494060125,68.86763021517288
2010,Gujarat,69.62017896949791,52.61701556542128
2010,Haryana,72.84132864785339,50.2213706831147
2010,Himachal Pradesh,65.03067700307413,68.95932870676634
2010,Jammu and Kashmir,82.92472338054107,65.89661515263188
2010,Jharkhand,81.9069217008955,53.150197729318634
2010,Karnataka,65.11486369817214,76.62855956629045
2010,Kerala,78.54152122213226,72.46706103439118
2010,Madhya Pradesh,85.19050843500612,62.89960009669965
2010,Maharashtra,86.9317010474158,55.74327895798183
2010,Manipur,67.1115579586978,55.32325438156109
2010,Meghalaya,80.36805013856532,78.15714456235128
2010,Mizoram,81.54690725950617,55.88617430570063
2010,Nagaland,82.9394394783289,64.97704631217549
2010,Odisha,80.6308586800767,72.6463988563524
2010,Punjab,75.050990658481,75.0013394667638
2010,Rajasthan,66.38169503179174,63.758123043108796
2010,Sikkim,76.70342888212856,67.87166596079332
2010,Tamil Nadu,77.45329917533823,50.031838350951546
2010,Telangana,79.45440897012716,75.65379035931987
2010,Tripura,71.27788683928469,59.05943597568928
2010,Uttarakhand,84.56486701925502,78.78975536986079
2010,Uttar Pradesh,67.86277088477061,51.37588335889537
2010,West Bengal,83.41215123205698,74.36425628819842
2010,Andaman and Nicobar Islands,79.9483207697968,78.04646508245828
2010,Chandigarh,66.23882634436326,73.43740067154212
2010,Dadra and Nagar Haveli,67.05508601257215,57.42057544490192
2010,Daman and Diu,75.07619778170972,72.16373207862603
2010,Delhi,84.29264449282046,78.70717717440277
2010,Lakshadweep,67.41249089064232,58.7650483346043
2010,Puducherry,84.49006552429637,78.74289407355086
2011,Andhra Pradesh,66.27962574641938,62.04503719524452
2011,Arunachal Pradesh,77.94498542258391,75.96208409170221
2011,Assam,65.79445148396745,51.00924948208524
2011,Bihar,81.66267005499279,57.62988603215185
2011,Chhattisgarh,81.1608415874863,78.5629939066253
2011,Goa,74.34708951185702,66.38958020174667
2011,Gujarat,74.16588041134067,68.57342854100192
2011,Haryana,89.31936295909219,70.95104055229336
2011,Himachal Pradesh,87.91653739580848,77.73092262106834
2011,Jammu and Kashmir,71.76386625142061,71.1211186917607
2011,Jharkhand,71.02576154759475,75.61555869728159
2011,Karnataka,65.61997078462684,77.27140793972485
2011,Kerala,87.6575689220563,51.4023660335106
2011,Madhya Pradesh,76.69090297388203,54.88372028787517
2011,Maharashtra,72.14094667554382,50.42332862583169
2011,Manipur,86.49020083554619,50.315244559445134
2011,Meghalaya,82.44705266817846,72.59226325314903
2011,Mizoram,66.32991066780829,55.87767786773903
2011,Nagaland,70.99911241037596,59.178185444124715
2011,Odisha,80.14387309956692,58.38152344935938
2011,Punjab,65.02276411704422,65.95546671430492
2011,Rajasthan,88.98237981312947,66.11679912159804
2011,Sikkim,77.6788232850161,72.6682231146389
2011,Tamil Nadu,89.49405108251659,55.34784899680138
2011,Telangana,79.91865679003799,74.1501309853097
2011,Tripura,83.12572093715033,51.00023902362909
2011,Uttarakhand,69.5310200495075,71.92573573261896
2011,Uttar Pradesh,85.15446156025064,74.10972015097974
2011,West Bengal,72.86068803247039,76.26216554099386
2011,Andaman and Nicobar Islands,87.61766595939267,55.98061182118512
2011,Chandigarh,81.88876746923785,51.3714305285016
2011,Dadra and Nagar Haveli,89.7875210438032,77.02603910097666
2011,Daman and Diu,85.77853771923185,54.445385781832584
2011,Delhi,77.58053769691375,61.24720711405512
2011,Lakshadweep,71.30145057591955,78.2920995856614
2011,Puducherry,72.94228965439004,64.66644900001992
2012,Andhra Pradesh,81.51109431478024,62.95949944373105
2012,Arunachal Pradesh,75.7323876688301,63.48894843057312
2012,Assam,73.44566507650366,62.87551269818483
2012,Bihar,74.81870181290466,54.86989636105746
2012,Chhattisgarh,74.97840686671532,50.309147416802276
2012,Goa,67.90895774736444,63.63858700513717
2012,Gujarat,68.00775473871259,58.186777509444795
2012,Haryana,72.99220552305462,51.51742041361227
2012,Himachal Pradesh,77.173995239851,73.02685985922427
2012,Jammu and Kashmir,81.55855759147197,71.39567432611612
2012,Jharkhand,65.50683283334938,71.86544403039514
2012,Karnataka,74.88159013260051,54.75873788364178
2012,Kerala,74.14945538449798,65.98301751561274
2012,Madhya Pradesh,87.19985108024837,68.26149818807266
2012,Maharashtra,90.17223785391089,80.09268217134331
2012,Manipur,87.7994430203904,53.002911990979385
2012,Meghalaya,67.11169935539526,54.58997672152884
2012,Mizoram,89.11649682514509,73.50702386107066
2012,Nagaland,71.33251540725873,69.27410964801861
2012,Odisha,85.68189636375821,74.44873068095949
2012,Punjab,83.27062800186299,78.0938884560447
2012,Rajasthan,76.16542846439161,73.70946059844921
2012,Sikkim,86.14687157965363,52.28009188679342
2012,Tamil Nadu,67.45013336289544,55.07672548023282
2012,Telangana,81.62340042647578,51.35639406616481
2012,Tripura,81.16026062659861,75.48459369647732
2012,Uttarakhand,76.2846259947676,76.24409319868342
2012,Uttar Pradesh,66.40315271204483,55.39195239624861
2012,West Bengal,74.53107981271249,68.13212001747354
2012,Andaman and Nicobar Islands,83.92869858020866,63.1344642806377
2012,Chandigarh,71.96546706551172,57.24957781277111
2012,Dadra and Nagar Haveli,78.17316589316017,59.90492871411137
2012,Daman and Diu,65.88892876981019,53.9990793515512
2012,Delhi,67.03223434120551,79.52566442029534
2012,Lakshadweep,86.43949352078486,57.90282452306696
2012,Puducherry,79.77884277668095,75.19579895462682
2013,Andhra Pradesh,73.54381108457392,69.29896784994459
2013,Arunachal Pradesh,72.14212825522111,65.33007725495683
2013,Assam,72.51135430416248,55.07793956532889
2013,Bihar,74.27341040044247,77.8443900599883
2013,Chhattisgarh,81.03801303770643,55.01094745193352
2013,Goa,81.18497593061385,54.383823319736386
2013,Gujarat,87.83420896767099,66.36533178264376
2013,Haryana,85.61266973322118,80.13058075893008
2013,Himachal Pradesh,72.36666058715096,64.8398985800607
2013,Jammu and Kashmir,65.95997016536145,60.372413711690875
2013,Jharkhand,72.92772838972834,63.068178210793675
2013,Karnataka,66.6226705453354,62.30396952906487
2013,Kerala,89.70029566157065,52.38639809059394
2013,Madhya Pradesh,83.14004217803912,79.99831506154206
2013,Maharashtra,67.97281560449268,70.47042932536965
2013,Manipur,85.68567620489425,55.50968675028583
2013,Meghalaya,81.77553027911829,72.89330411594445
2013,Mizoram,82.29898419116887,55.89094052180303
2013,Nagaland,84.35245950545341,77.16967729803102
2013,Odisha,89.10391669497825,52.937037342449834
2013,Punjab,73.876534918541,68.37448160598882
2013,Rajasthan,85.65061168043962,79.93217424870743
2013,Sikkim,69.61898563383384,68.0702831746928
2013,Tamil Nadu,71.69754675425568,71.6396592348382
2013,Telangana,83.86863414395529,76.43785207908375
2013,Tripura,87.3382112574955,74.10680879355345
2013,Uttarakhand,67.0027177592551,69.41907558882494
2013,Uttar Pradesh,72.14900825725064,52.80494613555392
2013,West Bengal,78.79192194013082,53.88357200166508
2013,Andaman and Nicobar Islands,85.19129370346126,78.43647945907625
2013,Chandigarh,90.26136465414237,74.90646945303902
2013,Dadra and Nagar Haveli,86.09258045879602,60.260040615581104
2013,Daman and Diu,76.90743771503925,64.96707831733987
2013,Delhi,88.09790771916346,51.372453353575565
2013,Lakshadweep,86.25270252215945,51.07301567747123
2013,Puducherry,74.25186467353232,71.64808708244324
2014,Andhra Pradesh,67.42920691599275,78.61448628208012
2014,Arunachal Pradesh,78.72938898629398,63.04294005576033
2014,Assam,85.95576317207343,80.39239786705735
2014,Bihar,82.03198302071156,55.36251001937545
2014,Chhattisgarh,76.77639905792505,75.42979999822275
2014,Goa,82.27439706777893,70.04168390314351
2014,Gujarat,80.2072924812733,54.07230485754703
2014,Haryana,75.19375252367178,73.77000777229149
2014,Himachal Pradesh,68.4391087229665,78.9811911714152
2014,Jammu and Kashmir,87.59285465396266,52.26054164489704
2014,Jharkhand,85.8244247355075,80.46403290680726
2014,Karnataka,76.44482084134737,78.6816668521302
2014,Kerala,73.17224637411165,74.03167004628881
2014,Madhya Pradesh,88.81552207401273,75.3345668113405
2014,Maharashtra,81.7998127034351,53.44781491503996
2014,Manipur,84.36795032958838,59.24238820103546
2014,Meghalaya,85.02253260166525,62.51586742472076
2014,Mizoram,84.71028954503063,55.82735685105802
2014,Nagaland,89.68540203265542,57.21266772578577
2014,Odisha,87.1998650520949,79.51980428302002
2014,Punjab,76.31553451972275,54.78926654742709
2014,Rajasthan,90.04269746556068,68.56663800973605
2014,Sikkim,86.8569432866099,80.07706176603891
2014,Tamil Nadu,79.34158734374827,75.67125430134774
2014,Telangana,83.97938852987296,68.1227253890697
2014,Tripura,79.4378496406296,55.990631604335285
2014,Uttarakhand,72.39469507676006,61.74112584755496
2014,Uttar Pradesh,69.62531985084138,67.16570408395249
2014,West Bengal,75.8240245783419,59.746725280943075
2014,Andaman and Nicobar Islands,90.3380830684442,75.65850786404476
2014,Chandigarh,74.43436614664063,51.45651905529189
2014,Dadra and Nagar Haveli,82.90779142753593,68.75070875205802
2014,Daman and Diu,71.44997948053845,62.095997850527255
2014,Delhi,88.42452167840611,68.23605593026747
2014,Lakshadweep,72.5342925334947,57.06298089104646
2014,Puducherry,68.57198880492514,78.79065883215932
2015,Andhra Pradesh,82.61901678273539,52.03371247534413
2015,Arunachal Pradesh,79.75338473527182,73.55937399763926
2015,Assam,81.06733372497769,52.632987123205275
2015,Bihar,86.03543698306574,53.64275413257572
2015,Chhattisgarh,75.3578236284199,63.29750862184403
2015,Goa,89.19807438808883,57.39969005436479
2015,Gujarat,88.90525387002499,53.136834941596234
2015,Haryana,75.44299952615616,57.76419518279917
2015,Himachal Pradesh,71.40372395420314,69.58787029406074
2015,Jammu and Kashmir,84.73104446571483,54.57584794729397
2015,Jharkhand,69.44708868028286,69.87339861397938
2015,Karnataka,91.08492539299411,67.02145768119856
2015,Kerala,72.6405391992739,76.2674428548211
2015,Madhya Pradesh,89.67670406485831,73.83264868296978
2015,Maharashtra,69.51574173940503,64.70455196763879
2015,Manipur,71.35955489861941,68.48118191233807
2015,Meghalaya,77.01214484629271,63.884958507188514
2015,Mizoram,89.06089833398372,75.9274168107066
2015,Nagaland,81.3803123521241,64.81742218939216
2015,Odisha,81.21025071178056,73.72724257772217
2015,Punjab,67.7976938501158,51.704761329562075
2015,Rajasthan,86.5452631478799,54.456966317660886
2015,Sikkim,82.13253352436202,69.30292245917525
2015,Tamil Nadu,87.34595458578413,76.64685904542216
2015,Telangana,87.19211098512199,79.3020159292224
2015,Tripura,84.62011399342728,62.873645423045936
2015,Uttarakhand,69.39313142090836,58.64271603019605
2015,Uttar Pradesh,67.84963336242555,67.11954029741042
2015,West Bengal,66.97959554298066,67.52672801849454
2015,Andaman and Nicobar Islands,66.79295879408565,60.5636568641032
2015,Chandigarh,82.63271347921811,75.43740099698617
2015,Dadra and Nagar Haveli,88.66180945417261,63.55687666025881
2015,Daman and Diu,68.91250668575353,56.30997591736066
2015,Delhi,84.5646899795916,70.87855162168515
2015,Lakshadweep,89.2736330806824,56.75220049781472
2015,Puducherry,75.37523794296695,67.66651948874332
2016,Andhra Pradesh,67.40967558940243,79.57290389210158
2016,Arunachal Pradesh,76.8260584352314,78.75911949402575
2016,Assam,87.45948322230869,64.73361191008576
2016,Bihar,75.53812526866741,61.92381597480426
2016,Chhattisgarh,80.30610856519232,58.607539229333405
2016,Goa,70.19117943351432,74.80142064202454
2016,Gujarat,80.70812174483474,72.24447461057495
2016,Haryana,68.96461069085679,63.77151105805445
2016,Himachal Pradesh,72.10485678696469,54.81476141661901
2016,Jammu and Kashmir,67.75119626103734,64.78141737196349
2016,Jharkhand,89.42611054434559,61.51943927750898
2016,Karnataka,89.04780224492049,62.15463401151723
2016,Kerala,91.23343562285748,73.94162270275504
2016,Madhya Pradesh,81.65718609405367,75.51229361292918
2016,Maharashtra,91.50084382072359,61.020852065027405
2016,Manipur,82.24529451916345,59.01091718849785
2016,Meghalaya,85.08923438320014,53.11829232546151
2016,Mizoram,71.73019050475544,55.229698700124004
2016,Nagaland,87.40700468727,68.2974463240022
2016,Odisha,77.67029680691866,71.33944352632645
2016,Punjab,76.92345881827995,75.08743695060744
2016,Rajasthan,87.27227731423027,62.452375600881496
2016,Sikkim,68.34357909425256,64.02325354969743
2016,Tamil Nadu,78.03114950142509,61.600613417679405
2016,Telangana,78.16008447931836,52.88007678854037
2016,Tripura,73.57078991024011,74.87352144794846
2016,Uttarakhand,88.05491085998436,81.83870776975908
2016,Uttar Pradesh,78.15523015454329,52.229607066600394
2016,West Bengal,72.48561904198033,77.8677617655239
2016,Andaman and Nicobar Islands,68.11681191055342,63.17088900393846
2016,Chandigarh,91.23217442059264,62.64871251345857
2016,Dadra and Nagar Haveli,87.15752573865883,58.24617933634287
2016,Daman and Diu,89.32281535001137,60.832713139983774
2016,Delhi,83.94661744205959,80.85468999331262
2016,Lakshadweep,85.52224793708545,76.63368152438122
2016,Puducherry,68.07460689163133,56.80521844530316
2017,Andhra Pradesh,91.39317891348392,66.9525380229704
2017,Arunachal Pradesh,87.95995203332119,66.79603852445739
2017,Assam,91.70676734150824,64.34393371900909
2017,Bihar,90.65019215701781,67.93081758689469
2017,Chhattisgarh,70.91211264433251,61.26134419445762
2017,Goa,82.80355960962031,70.32998981704479
2017,Gujarat,80.18696416191035,75.66721064879248
2017,Haryana,74.02721157682653,75.72045364160546
2017,Himachal Pradesh,77.23495377462248,56.637699305254756
2017,Jammu and Kashmir,72.19205720268282,73.20274706164123
2017,Jharkhand,77.8574281602195,56.41649456406023
2017,Karnataka,89.52682607903647,76.51261049052061
2017,Kerala,87.85141155333118,75.4437471715478
2017,Madhya Pradesh,84.03282568940732,67.72146528629268
2017,Maharashtra,73.75840836099323,64.2238836931542
2017,Manipur,84.36578256022021,81.03240846187178
2017,Meghalaya,74.96272963168302,65.75340433245186
2017,Mizoram,67.67010005148059,63.24274042005717
2017,Nagaland,77.7257120372462,64.66650327398303
2017,Odisha,74.68573706938083,69.8802899563491
2017,Punjab,84.78107215788665,70.33510707079157
2017,Rajasthan,89.95742683923157,67.99736235542504
2017,Sikkim,91.8900436351145,72.67271615665403
2017,Tamil Nadu,73.84946124445499,54.45861879889434
2017,Telangana,75.3872954509011,70.10376442436308
2017,Tripura,70.84605456963372,55.24234303728409
2017,Uttarakhand,67.52230390582648,66.33255059202293
2017,Uttar Pradesh,69.42683990940553,57.96384333953988
2017,West Bengal,83.86498486826271,79.01181331463106
2017,Andaman and Nicobar Islands,90.82173945388644,80.10558752085402
2017,Chandigarh,78.44615483598436,70.36415676698262
2017,Dadra and Nagar Haveli,78.73695011518221,74.47873853671194
2017,Daman and Diu,71.9256962741414,79.79587761245496
2017,Delhi,70.59496139782715,76.94870265736887
2017,Lakshadweep,80.01633962504529,79.94260699521809
2017,Puducherry,82.11181761784083,67.83243972061778
2018,Andhra Pradesh,73.22885894781086,68.44711639088929
2018,Arunachal Pradesh,69.5381573286528,61.97681040868965
2018,Assam,75.09548578926574,64.75598432759462
2018,Bihar,78.45105512054388,52.802252266958455
2018,Chhattisgarh,78.24072475183922,78.60193327985674
2018,Goa,68.53103109731178,69.75347942372574
2018,Gujarat,83.34786691447897,56.68907160525237
2018,Haryana,82.5854138687181,66.54828213782471
2018,Himachal Pradesh,68.46920417170679,76.7517769283865
2018,Jammu and Kashmir,71.822552575181,52.96327411871681
2018,Jharkhand,70.23225297208946,65.32813472586511
2018,Karnataka,71.32276805796117,53.42987885152834
2018,Kerala,70.89936455562015,60.70872615400366
2018,Madhya Pradesh,69.1786984774133,74.86286611272335
2018,Maharashtra,75.16960802535262,75.3512533045316
2018,Manipur,82.51298295940232,81.67067473934509
2018,Meghalaya,84.16699216589262,70.41831855613391
2018,Mizoram,84.80927593085778,61.17649633916844
2018,Nagaland,91.83974561822671,81.26977841746869
2018,Odisha,80.0751554356072,57.63526466355092
2018,Punjab,87.65992796542669,63.260744497458326
2018,Rajasthan,73.69499208173858,58.48541863392581
2018,Sikkim,92.16708521213145,65.08446344404504
2018,Tamil Nadu,82.79705785394214,54.634876239675734
2018,Telangana,92.10061429622927,78.29872486027773
2018,Tripura,83.09882385367698,67.47366507331711
2018,Uttarakhand,73.87046035177517,63.09049693380193
2018,Uttar Pradesh,80.53949707118709,71.28023364581233
2018,West Bengal,73.00312535855302,77.34348390540661
2018,Andaman and Nicobar Islands,74.41903107889297,71.47352658701479
2018,Chandigarh,92.67173688947152,81.85569239568005
2018,Dadra and Nagar Haveli,85.28384803702231,54.346323332324886
2018,Daman and Diu,68.92648227807595,54.50673668389785
2018,Delhi,86.5479784310616,62.333023598324935
2018,Lakshadweep,78.78051462003403,75.56410374748519
2018,Puducherry,88.87258986976308,77.99544727026189
2019,Andhra Pradesh,77.96107068634875,61.19045590524695
2019,Arunachal Pradesh,88.81509916055971,72.0543329277113
2019,Assam,89.49504650743333,67.10798253656809
2019,Bihar,89.64064417036565,61.39884878124373
2019,Chhattisgarh,74.5547655228338,76.08950008403927
2019,Goa,86.82870177912308,65.69179499804773
2019,Gujarat,79.83462480330554,82.64836026009344
2019,Haryana,75.76631870076443,65.64397647691966
2019,Himachal Pradesh,91.59582236213551,78.18398574738588
2019,Jammu and Kashmir,80.70916852159374,80.82672264719955
2019,Jharkhand,79.99688499959885,80.1046358366733
2019,Karnataka,85.2222186983168,76.55660385912343
2019,Kerala,87.95934637131442,64.95604713879234
2019,Madhya Pradesh,88.07887777173512,80.84103283367438
2019,Maharashtra,83.95276949411037,77.31920584309375
2019,Manipur,75.11294961796655,56.659426584540626
2019,Meghalaya,68.27719616998804,56.477345628032545
2019,Mizoram,73.78112422552115,55.27690596827579
2019,Nagaland,81.0175760488995,70.90839138352074
2019,Odisha,71.19622178424194,74.53709675406041
2019,Punjab,79.91039805099439,64.34014067437164
2019,Rajasthan,82.16093613838285,68.73748617018849
2019,Sikkim,75.09150547433717,65.88025461927947
2019,Tamil Nadu,78.50948687170087,58.739051628167054
2019,Telangana,69.73789974042381,82.44573694173073
2019,Tripura,83.53684100412322,78.09613521120025
2019,Uttarakhand,71.56432227183011,66.65397833792048
2019,Uttar Pradesh,92.21991950327194,60.673303759182815
2019,West Bengal,89.82813927718472,54.50469815473984
2019,Andaman and Nicobar Islands,87.84668464397996,56.82944097835985
2019,Chandigarh,69.94868132964463,81.67774663592981
2019,Dadra and Nagar Haveli,91.07690967545744,61.9270397295446
2019,Daman and Diu,81.65198100594628,67.42318654985252
2019,Delhi,83.76581704004198,69.48389414272076
2019,Lakshadweep,77.4358384746866,67.52624858021119
2019,Puducherry,87.97838018942522,63.04835109125292
2020,Andhra Pradesh,86.68530559116905,77.06382892367783
2020,Arunachal Pradesh,87.2733771949443,64.56668771007377
2020,Assam,68.59098931896773,69.21374127191282
2020,Bihar,76.58012529865474,63.906584382411076
2020,Chhattisgarh,81.33294664057348,74.19162562601934
2020,Goa,73.7212760058182,79.5869733839725
2020,Gujarat,73.41734066841353,71.30434663953757
2020,Haryana,84.33695841079219,58.154755400237924
2020,Himachal Pradesh,92.5900309946758,66.08906127714275
2020,Jammu and Kashmir,76.96515531882477,81.9124339724284
2020,Jharkhand,84.82271870804148,65.04978191849679
2020,Karnataka,71.90451863367473,81.0881609008308
2020,Kerala,79.33472742225584,65.65377503422233
2020,Madhya Pradesh,80.62379811559492,67.72000817271733
2020,Maharashtra,88.19453872194153,69.68892548962876
2020,Manipur,91.67440093706105,61.849692146497844
2020,Meghalaya,78.14090786136828,82.94150244833295
2020,Mizoram,84.28306781860763,75.48185688446776
2020,Nagaland,77.83863803592908,72.26204794730967
2020,Odisha,78.91029999366566,60.43818455887367
2020,Punjab,84.20856561874035,76.46549062070562
2020,Rajasthan,75.65848887024762,61.38761008490906
2020,Sikkim,71.24828491961512,54.04367720002344
2020,Tamil Nadu,89.62784227913005,74.68235612321837
2020,Telangana,79.74546055732253,83.45116139342181
2020,Tripura,77.15571227194836,63.31570843969588
2020,Uttarakhand,70.34921680766513,60.715780422532
2020,Uttar Pradesh,93.36292247321691,72.02745005917312
2020,West Bengal,78.64707833663482,65.68178483500594
2020,Andaman and Nicobar Islands,79.23578075346292,71.63929205299465
2020,Chandigarh,82.98164473917616,80.42855621209915
2020,Dadra and Nagar Haveli,91.74164368255347,58.42402397551062
2020,Daman and Diu,75.2085164542817,63.39948449062686
2020,Delhi,72.92676862823231,63.31375171377733
2020,Lakshadweep,76.61794066769494,59.932277960574524
2020,Puducherry,88.79988517979635,67.52024780298822
2021,Andhra Pradesh,72.01703963944857,59.38721609412804
2021,Arunachal Pradesh,70.35857552551371,61.49538768418865
2021,Assam,84.69843733269073,63.86810141281479
2021,Bihar,75.33011668606615,63.710892764933995
2021,Chhattisgarh,72.23839795009417,67.07983719698328
2021,Goa,82.11382818036896,61.067086931172796
2021,Gujarat,71.22803888852282,55.57227283853745
2021,Haryana,93.19794128046836,81.98168281197486
2021,Himachal Pradesh,83.16864439809335,80.58409465137822
2021,Jammu and Kashmir,86.09819900562,76.11146379457745
2021,Jharkhand,88.54588466988335,67.1362353109686
2021,Karnataka,87.20381078677254,81.24525055635647
2021,Kerala,89.66971543287792,56.55373448003664
2021,Madhya Pradesh,83.12370208392116,54.61732931925714
2021,Maharashtra,81.45334268405443,67.81826565193863
2021,Manipur,91.25248915913122,61.35961552884584
2021,Meghalaya,90.49504747331923,67.39419343328862
2021,Mizoram,86.23534308683182,76.77118742511479
2021,Nagaland,75.8736131415001,69.91701665526162
2021,Odisha,69.28018998683216,63.96898976396847
2021,Punjab,92.97335567555297,80.48724268207917
2021,Rajasthan,84.47616335589701,72.20418336170023
2021,Sikkim,82.67016478789935,65.69486187795806
2021,Tamil Nadu,86.26321913295051,71.99661427672524
2021,Telangana,70.2016792642115,70.9522369506135
2021,Tripura,73.740357201167,70.90564154630326
2021,Uttarakhand,76.33550359340734,79.83096571947507
2021,Uttar Pradesh,75.06249874646927,76.6607468455804
2021,West Bengal,91.23215427876386,67.77928561310124
2021,Andaman and Nicobar Islands,69.86106218740449,60.31414951048488
2021,Chandigarh,79.48127135680404,56.268971584314095
2021,Dadra and Nagar Haveli,86.13133352604751,81.64472725486905
2021,Daman and Diu,69.78538424836128,78.31306017007108
2021,Delhi,87.75903470473298,75.27533429267585
2021,Lakshadweep,81.51672972132698,69.06265947384155
2021,Puducherry,92.48690171752855,82.94083335840043
2022,Andhra Pradesh,75.6662652191852,69.68846454361434
2022,Arunachal Pradesh,74.19529340780527,64.2399533476296
2022,Assam,78.35560667530292,74.13274105129825
2022,Bihar,73.57860056205388,57.26778724179856
2022,Chhattisgarh,81.67308601222972,59.833110663708354
2022,Goa,90.19179284115556,64.16055572099042
2022,Gujarat,82.97256337300533,64.97638595726161
2022,Haryana,87.29391231916813,82.18906423653334
2022,Himachal Pradesh,82.40396301730324,76.99744400948946
2022,Jammu and Kashmir,89.7119855167139,57.4128061237857
2022,Jharkhand,81.17620678018828,83.92827669666632
2022,Karnataka,88.48510945614993,63.34652983043394
2022,Kerala,92.07933671825504,58.778343132344716
2022,Madhya Pradesh,78.70725585526533,57.06337960601611
2022,Maharashtra,73.19848409430845,74.07577043349296
2022,Manipur,82.04499500856693,78.89686660682796
2022,Meghalaya,71.35937455561417,78.39477846370563
2022,Mizoram,89.69898179913874,69.198797204767
2022,Nagaland,79.28729275233563,73.94996948206546
2022,Odisha,89.14364610922868,79.85598306223996
2022,Punjab,74.62471257773191,61.33086614160493
2022,Rajasthan,94.07985885765903,68.21390401909301
2022,Sikkim,73.90939604969873,56.65266386914665
2022,Tamil Nadu,90.15037328746574,54.55281870959284
2022,Telangana,81.37129459643587,54.318325566758006
2022,Tripura,89.25180069320048,78.97523730607094
2022,Uttarakhand,75.56640100087006,66.5485913709878
2022,Uttar Pradesh,85.2822266878811,74.15795729150304
2022,West Bengal,90.15840376087235,76.36672215149231
2022,Andaman and Nicobar Islands,85.73712736460818,76.00844218420744
2022,Chandigarh,69.60093156431779,79.22142357829777
2022,Dadra and Nagar Haveli,72.47587426530798,77.3810426159638
2022,Daman and Diu,78.58995081938927,77.02987037945198
2022,Delhi,85.2549944318883,72.69572562936202
2022,Lakshadweep,73.82267585161023,66.92846067794864
2022,Puducherry,82.4694318651433,62.83796681088694
